Date,Weekly U.S. Regular Conventional Retail Gasoline Prices  (Dollars per Gallon),Weekly East Coast Regular Conventional Retail Gasoline Prices  (Dollars per Gallon),Weekly New England (PADD 1A) Regular Conventional Retail Gasoline Prices  (Dollars per Gallon),Weekly Central Atlantic (PADD 1B) Regular Conventional Retail Gasoline Prices  (Dollars per Gallon),Weekly Lower Atlantic (PADD 1C) Regular Conventional Retail Gasoline Prices  (Dollars per Gallon),Weekly Midwest Regular Conventional Retail Gasoline Prices  (Dollars per Gallon),Weekly Gulf Coast Regular Conventional Retail Gasoline Prices  (Dollars per Gallon),Weekly Rocky Mountain Regular Conventional Retail Gasoline Prices  (Dollars per Gallon),Weekly West Coast Regular Conventional Retail Gasoline Prices  (Dollars per Gallon)
40182,2.627,2.657,2.725,2.749,2.623,2.625,2.535,2.509,2.795
40189,2.717,2.755,2.801,2.851,2.722,2.716,2.625,2.578,2.87
40196,2.703,2.758,2.805,2.832,2.731,2.672,2.627,2.617,2.87
40203,2.666,2.728,2.785,2.8,2.702,2.614,2.6,2.622,2.86
40210,2.618,2.682,2.748,2.761,2.653,2.555,2.554,2.615,2.84
40217,2.611,2.66,2.729,2.747,2.627,2.567,2.527,2.619,2.825
40224,2.563,2.622,2.699,2.706,2.591,2.494,2.501,2.602,2.798
40231,2.621,2.652,2.7,2.728,2.625,2.591,2.549,2.617,2.82
40238,2.671,2.711,2.734,2.771,2.69,2.632,2.611,2.631,2.87
40245,2.721,2.756,2.772,2.824,2.734,2.688,2.662,2.685,2.912
40252,2.76,2.794,2.83,2.842,2.777,2.731,2.697,2.731,2.941
40259,2.792,2.807,2.821,2.86,2.789,2.79,2.704,2.768,2.959
40266,2.765,2.787,2.814,2.849,2.766,2.739,2.689,2.791,2.972
40273,2.795,2.8,2.839,2.873,2.775,2.784,2.72,2.827,2.979
40280,2.829,2.837,2.876,2.897,2.816,2.815,2.755,2.864,3.019
40287,2.831,2.83,2.871,2.893,2.807,2.824,2.752,2.884,3.029
40294,2.815,2.828,2.874,2.9,2.802,2.788,2.737,2.887,3.035
40301,2.864,2.866,2.905,2.928,2.843,2.859,2.785,2.895,3.044
40308,2.87,2.886,2.916,2.936,2.869,2.852,2.793,2.909,3.056
40315,2.823,2.845,2.882,2.903,2.825,2.78,2.769,2.896,3.031
40322,2.741,2.773,2.823,2.834,2.751,2.671,2.705,2.854,2.984
40329,2.679,2.697,2.782,2.772,2.668,2.608,2.655,2.819,2.94
40336,2.674,2.657,2.763,2.726,2.628,2.643,2.624,2.79,2.948
40343,2.652,2.628,2.743,2.698,2.599,2.629,2.593,2.768,2.938
40350,2.696,2.668,2.76,2.759,2.634,2.696,2.611,2.771,2.961
40357,2.712,2.681,2.758,2.766,2.649,2.721,2.623,2.766,2.966
40364,2.676,2.649,2.748,2.729,2.617,2.669,2.589,2.756,2.974
40371,2.666,2.63,2.732,2.722,2.594,2.668,2.575,2.743,2.966
40378,2.672,2.62,2.726,2.697,2.589,2.689,2.57,2.749,2.988
40385,2.703,2.646,2.728,2.716,2.618,2.727,2.605,2.75,3.018
40392,2.687,2.655,2.723,2.73,2.626,2.681,2.597,2.754,3.024
40399,2.74,2.705,2.758,2.765,2.682,2.742,2.652,2.79,3.053
40406,2.696,2.669,2.736,2.73,2.645,2.669,2.624,2.802,3.049
40413,2.653,2.63,2.718,2.715,2.597,2.615,2.575,2.806,3.033
40420,2.64,2.596,2.686,2.672,2.567,2.629,2.54,2.82,3.002
40427,2.647,2.589,2.677,2.651,2.564,2.661,2.532,2.822,2.973
40434,2.695,2.618,2.672,2.665,2.599,2.756,2.548,2.828,2.953
40441,2.703,2.65,2.681,2.673,2.64,2.73,2.601,2.825,2.946
40448,2.668,2.637,2.673,2.663,2.626,2.667,2.577,2.805,2.932
40455,2.705,2.67,2.745,2.735,2.645,2.727,2.593,2.794,2.936
40462,2.793,2.768,2.835,2.854,2.737,2.825,2.682,2.798,2.982
40469,2.795,2.803,2.874,2.903,2.766,2.795,2.683,2.801,3.018
40476,2.772,2.788,2.887,2.902,2.746,2.758,2.665,2.794,3.017
40483,2.76,2.77,2.872,2.895,2.724,2.752,2.647,2.784,3.007
40490,2.832,2.81,2.901,2.904,2.774,2.882,2.693,2.786,3.016
40497,2.849,2.857,2.973,2.977,2.812,2.865,2.73,2.797,3.049
40504,2.828,2.864,3.007,3.015,2.807,2.815,2.704,2.784,3.057
40511,2.805,2.857,3.008,3.021,2.795,2.778,2.678,2.766,3.046
40518,2.917,2.958,3.102,3.09,2.906,2.918,2.809,2.771,3.088
40525,2.937,2.987,3.108,3.121,2.936,2.925,2.838,2.797,3.115
40532,2.934,2.985,3.11,3.117,2.935,2.919,2.832,2.801,3.117
40539,3.015,3.053,3.138,3.161,3.013,3.034,2.904,2.824,3.134
40546,3.034,3.071,3.153,3.18,3.031,3.049,2.933,2.848,3.155
40553,3.052,3.087,3.167,3.181,3.052,3.072,2.944,2.861,3.175
40560,3.068,3.1,3.199,3.213,3.058,3.084,2.961,2.894,3.215
40567,3.074,3.11,3.209,3.215,3.071,3.08,2.975,2.918,3.22
40574,3.061,3.085,3.19,3.199,3.042,3.078,2.948,2.931,3.216
40581,3.094,3.11,3.211,3.216,3.07,3.113,2.987,2.986,3.253
40588,3.095,3.128,3.22,3.22,3.093,3.08,3.008,3.014,3.291
40595,3.141,3.167,3.247,3.251,3.136,3.129,3.041,3.07,3.376
40602,3.341,3.361,3.397,3.403,3.346,3.355,3.255,3.181,3.482
40609,3.473,3.5,3.552,3.561,3.478,3.478,3.405,3.297,3.609
40616,3.517,3.549,3.594,3.61,3.527,3.516,3.438,3.358,3.671
40623,3.507,3.536,3.571,3.601,3.513,3.5,3.424,3.386,3.698
40630,3.538,3.553,3.584,3.615,3.532,3.53,3.459,3.44,3.762
40637,3.635,3.634,3.675,3.707,3.608,3.663,3.537,3.501,3.81
40644,3.743,3.736,3.781,3.812,3.709,3.785,3.656,3.57,3.861
40651,3.787,3.784,3.823,3.858,3.758,3.819,3.713,3.609,3.916
40658,3.817,3.808,3.871,3.913,3.77,3.869,3.712,3.636,3.938
40665,3.906,3.887,3.948,3.991,3.85,3.983,3.791,3.697,3.987
40672,3.907,3.912,3.95,4.004,3.881,3.95,3.804,3.724,4.013
40679,3.905,3.915,3.952,3.994,3.887,3.941,3.812,3.757,3.986
40686,3.788,3.811,3.895,3.902,3.777,3.787,3.703,3.733,3.93
40693,3.741,3.729,3.85,3.843,3.685,3.777,3.623,3.708,3.889
40700,3.738,3.686,3.806,3.811,3.638,3.829,3.585,3.688,3.867
40707,3.664,3.642,3.765,3.759,3.597,3.695,3.557,3.66,3.84
40714,3.597,3.603,3.737,3.728,3.554,3.586,3.508,3.624,3.814
40721,3.513,3.538,3.675,3.66,3.491,3.467,3.443,3.569,3.774
40728,3.534,3.513,3.652,3.627,3.467,3.57,3.413,3.519,3.729
40735,3.608,3.607,3.713,3.673,3.579,3.647,3.503,3.509,3.721
40742,3.648,3.672,3.759,3.742,3.644,3.667,3.562,3.521,3.725
40749,3.667,3.705,3.77,3.754,3.686,3.675,3.594,3.532,3.722
40756,3.684,3.721,3.777,3.768,3.702,3.7,3.6,3.552,3.727
40763,3.646,3.679,3.738,3.739,3.657,3.654,3.558,3.56,3.726
40770,3.576,3.603,3.662,3.665,3.58,3.57,3.5,3.532,3.7
40777,3.552,3.561,3.65,3.624,3.536,3.559,3.473,3.524,3.685
40784,3.601,3.576,3.66,3.621,3.556,3.656,3.487,3.535,3.719
40791,3.643,3.619,3.706,3.692,3.591,3.697,3.513,3.575,3.798
40798,3.629,3.607,3.699,3.696,3.573,3.677,3.492,3.597,3.808
40805,3.56,3.558,3.664,3.657,3.52,3.566,3.429,3.601,3.812
40812,3.461,3.477,3.588,3.595,3.432,3.424,3.336,3.576,3.798
40819,3.381,3.412,3.536,3.552,3.36,3.314,3.268,3.546,3.751
40826,3.368,3.38,3.511,3.517,3.328,3.328,3.241,3.52,3.724
40833,3.431,3.434,3.554,3.549,3.389,3.411,3.313,3.533,3.737
40840,3.415,3.447,3.541,3.54,3.412,3.359,3.31,3.521,3.755
40847,3.405,3.424,3.526,3.519,3.387,3.377,3.269,3.494,3.733
40854,3.37,3.401,3.502,3.503,3.362,3.331,3.235,3.469,3.702
40861,3.388,3.414,3.504,3.501,3.38,3.368,3.239,3.445,3.689
40868,3.312,3.364,3.462,3.467,3.325,3.26,3.172,3.402,3.639
40875,3.248,3.308,3.409,3.425,3.265,3.175,3.125,3.346,3.595
40882,3.24,3.286,3.381,3.397,3.245,3.202,3.097,3.297,3.541
40889,3.244,3.298,3.364,3.398,3.262,3.222,3.093,3.238,3.495
40896,3.183,3.26,3.336,3.379,3.218,3.141,3.048,3.142,3.427
40903,3.213,3.264,3.32,3.384,3.222,3.221,3.055,3.075,3.424
40910,3.254,3.322,3.372,3.414,3.29,3.257,3.105,3.036,3.436
40917,3.333,3.419,3.45,3.504,3.39,3.335,3.203,3.012,3.468
40924,3.342,3.436,3.487,3.529,3.403,3.341,3.213,3.003,3.481
40931,3.333,3.455,3.519,3.556,3.42,3.292,3.227,3.012,3.496
40938,3.386,3.523,3.566,3.599,3.496,3.336,3.29,3.029,3.521
40945,3.436,3.559,3.601,3.612,3.539,3.399,3.357,3.068,3.543
40952,3.466,3.617,3.655,3.673,3.596,3.398,3.419,3.071,3.559
40959,3.523,3.658,3.694,3.721,3.636,3.461,3.473,3.097,3.673
40966,3.641,3.745,3.771,3.812,3.723,3.61,3.552,3.195,3.858
40973,3.717,3.775,3.826,3.841,3.751,3.729,3.601,3.33,3.93
40980,3.747,3.768,3.805,3.831,3.746,3.779,3.618,3.479,3.96
40987,3.787,3.813,3.833,3.886,3.788,3.797,3.672,3.623,4.005
40994,3.843,3.877,3.863,3.94,3.858,3.841,3.733,3.687,4.061
41001,3.874,3.918,3.89,3.987,3.898,3.854,3.776,3.748,4.106
41008,3.877,3.947,3.97,4.032,3.919,3.82,3.805,3.788,4.109
41015,3.867,3.917,3.98,4.013,3.882,3.825,3.791,3.801,4.097
41022,3.805,3.863,3.952,3.983,3.82,3.737,3.739,3.799,4.076
41029,3.764,3.806,3.914,3.926,3.761,3.714,3.677,3.787,4.046
41036,3.718,3.729,3.871,3.832,3.687,3.687,3.615,3.764,4.042
41043,3.658,3.658,3.821,3.791,3.605,3.607,3.548,3.762,4.119
41050,3.622,3.587,3.777,3.743,3.525,3.598,3.481,3.754,4.143
41057,3.575,3.519,3.717,3.676,3.456,3.561,3.41,3.74,4.157
41064,3.518,3.46,3.662,3.625,3.394,3.49,3.363,3.728,4.132
41071,3.489,3.399,3.611,3.556,3.335,3.508,3.308,3.708,4.05
41078,3.473,3.355,3.563,3.498,3.297,3.546,3.267,3.69,3.92
41085,3.378,3.295,3.508,3.435,3.237,3.421,3.191,3.634,3.766
41092,3.291,3.23,3.45,3.383,3.167,3.309,3.117,3.583,3.666
41099,3.357,3.298,3.46,3.421,3.249,3.423,3.15,3.549,3.62
41106,3.364,3.35,3.488,3.452,3.308,3.396,3.181,3.507,3.59
41113,3.435,3.431,3.584,3.549,3.384,3.468,3.273,3.491,3.616
41120,3.45,3.441,3.559,3.548,3.399,3.491,3.298,3.466,3.617
41127,3.606,3.559,3.639,3.62,3.535,3.742,3.406,3.463,3.64
41134,3.662,3.64,3.725,3.716,3.61,3.758,3.482,3.5,3.777
41141,3.682,3.677,3.766,3.734,3.653,3.731,3.544,3.535,3.864
41148,3.722,3.735,3.793,3.793,3.712,3.754,3.591,3.575,3.903
41155,3.797,3.811,3.847,3.85,3.796,3.845,3.642,3.64,3.948
41162,3.799,3.815,3.919,3.904,3.781,3.835,3.642,3.698,3.97
41169,3.832,3.854,3.98,4.015,3.795,3.869,3.663,3.772,3.979
41176,3.775,3.799,3.913,3.971,3.737,3.796,3.606,3.774,3.959
41183,3.75,3.763,3.913,3.962,3.691,3.777,3.567,3.765,3.97
41190,3.742,3.753,3.924,3.979,3.67,3.764,3.542,3.748,4.041
41197,3.713,3.766,3.883,3.955,3.698,3.675,3.553,3.734,4.053
41204,3.582,3.668,3.812,3.867,3.596,3.479,3.456,3.705,3.972
41211,3.48,3.554,3.689,3.795,3.469,3.384,3.348,3.65,3.869
41218,3.406,3.472,3.66,3.749,3.372,3.315,3.285,3.611,3.759
41225,3.372,3.42,3.634,3.724,3.309,3.32,3.222,3.559,3.679
41232,3.36,3.407,3.63,3.709,3.297,3.336,3.182,3.509,3.602
41239,3.382,3.43,3.613,3.701,3.332,3.382,3.192,3.473,3.564
41246,3.337,3.411,3.596,3.67,3.317,3.307,3.178,3.405,3.507
41253,3.297,3.374,3.568,3.619,3.283,3.276,3.136,3.328,3.452
41260,3.198,3.307,3.521,3.568,3.211,3.135,3.059,3.211,3.38
41267,3.205,3.317,3.519,3.534,3.236,3.165,3.063,3.096,3.343
41274,3.245,3.376,3.542,3.57,3.304,3.207,3.112,3.016,3.349
41281,3.233,3.425,3.567,3.601,3.36,3.129,3.159,2.935,3.345
41288,3.236,3.438,3.553,3.591,3.382,3.139,3.158,2.867,3.326
41295,3.254,3.41,3.544,3.578,3.348,3.211,3.147,2.88,3.316
41302,3.296,3.435,3.563,3.608,3.372,3.277,3.156,2.981,3.342
41309,3.471,3.572,3.718,3.737,3.51,3.493,3.326,3.144,3.477
41316,3.537,3.626,3.762,3.804,3.561,3.559,3.378,3.274,3.584
41323,3.69,3.753,3.827,3.837,3.722,3.745,3.536,3.409,3.675
41330,3.722,3.812,3.832,3.865,3.794,3.717,3.615,3.471,3.788
41337,3.698,3.773,3.823,3.841,3.748,3.697,3.57,3.476,3.831
41344,3.644,3.733,3.794,3.819,3.701,3.603,3.537,3.469,3.846
41351,3.633,3.693,3.769,3.78,3.66,3.623,3.512,3.469,3.824
41358,3.616,3.657,3.742,3.767,3.617,3.629,3.479,3.469,3.79
41365,3.572,3.618,3.713,3.734,3.575,3.556,3.46,3.497,3.771
41372,3.539,3.575,3.648,3.699,3.531,3.523,3.417,3.523,3.766
41379,3.469,3.521,3.586,3.661,3.473,3.427,3.348,3.507,3.731
41386,3.472,3.468,3.542,3.588,3.425,3.503,3.307,3.488,3.695
41393,3.455,3.445,3.515,3.558,3.405,3.498,3.281,3.484,3.655
41400,3.478,3.434,3.519,3.527,3.399,3.557,3.284,3.491,3.688
41407,3.543,3.462,3.533,3.54,3.433,3.632,3.359,3.56,3.829
41414,3.636,3.454,3.549,3.541,3.421,3.846,3.377,3.672,3.863
41421,3.601,3.463,3.574,3.555,3.427,3.759,3.356,3.725,3.843
41428,3.61,3.446,3.555,3.547,3.406,3.815,3.331,3.729,3.796
41435,3.619,3.457,3.554,3.543,3.424,3.833,3.332,3.72,3.77
41442,3.577,3.477,3.56,3.543,3.451,3.697,3.374,3.688,3.761
41449,3.498,3.473,3.556,3.567,3.438,3.507,3.359,3.67,3.775
41456,3.41,3.424,3.526,3.525,3.385,3.357,3.296,3.64,3.75
41463,3.413,3.414,3.519,3.533,3.369,3.384,3.284,3.61,3.737
41470,3.57,3.541,3.691,3.651,3.497,3.602,3.428,3.611,3.821
41477,3.612,3.607,3.763,3.733,3.557,3.621,3.491,3.616,3.858
41484,3.57,3.587,3.751,3.741,3.527,3.542,3.46,3.64,3.852
41491,3.566,3.573,3.742,3.718,3.516,3.561,3.431,3.638,3.834
41498,3.493,3.51,3.711,3.656,3.451,3.455,3.376,3.644,3.796
41505,3.496,3.502,3.692,3.645,3.444,3.485,3.364,3.639,3.747
41512,3.504,3.507,3.689,3.646,3.452,3.509,3.37,3.622,3.706
41519,3.575,3.574,3.741,3.702,3.523,3.619,3.413,3.626,3.686
41526,3.54,3.55,3.733,3.7,3.491,3.562,3.384,3.631,3.679
41533,3.475,3.487,3.7,3.672,3.414,3.479,3.312,3.612,3.7
41540,3.425,3.408,3.641,3.602,3.332,3.448,3.244,3.586,3.688
41547,3.354,3.368,3.597,3.541,3.299,3.337,3.186,3.549,3.644
41554,3.298,3.326,3.563,3.498,3.256,3.263,3.137,3.507,3.606
41561,3.296,3.321,3.519,3.473,3.26,3.282,3.121,3.459,3.56
41568,3.31,3.344,3.495,3.46,3.297,3.306,3.134,3.426,3.523
41575,3.235,3.304,3.466,3.44,3.25,3.186,3.083,3.368,3.476
41582,3.209,3.273,3.44,3.411,3.218,3.179,3.038,3.307,3.442
41589,3.133,3.223,3.398,3.371,3.165,3.064,2.987,3.227,3.392
41596,3.161,3.262,3.41,3.411,3.206,3.11,3.006,3.183,3.355
41603,3.241,3.377,3.469,3.471,3.341,3.172,3.136,3.145,3.346
41610,3.209,3.373,3.481,3.496,3.327,3.105,3.122,3.113,3.342
41617,3.208,3.359,3.501,3.509,3.303,3.124,3.102,3.077,3.343
41624,3.165,3.339,3.501,3.514,3.274,3.058,3.053,3.055,3.335
41631,3.198,3.343,3.511,3.523,3.276,3.14,3.051,3.055,3.333
41638,3.264,3.372,3.555,3.57,3.298,3.251,3.109,3.1,3.351
41645,3.261,3.41,3.552,3.618,3.335,3.203,3.115,3.12,3.371
41652,3.267,3.386,3.535,3.594,3.311,3.239,3.106,3.148,3.367
41659,3.24,3.378,3.508,3.565,3.31,3.183,3.101,3.145,3.347
41666,3.241,3.369,3.498,3.562,3.3,3.199,3.094,3.134,3.343
41673,3.243,3.351,3.491,3.553,3.278,3.222,3.087,3.125,3.345
41680,3.257,3.337,3.495,3.54,3.262,3.265,3.091,3.137,3.349
41687,3.326,3.392,3.537,3.585,3.322,3.343,3.171,3.239,3.382
41694,3.394,3.456,3.578,3.657,3.384,3.425,3.217,3.322,3.433
41701,3.421,3.456,3.598,3.676,3.377,3.471,3.224,3.39,3.49
41708,3.452,3.467,3.627,3.682,3.389,3.515,3.243,3.437,3.549
41715,3.489,3.506,3.63,3.667,3.447,3.554,3.273,3.455,3.6
41722,3.487,3.514,3.629,3.656,3.461,3.528,3.3,3.457,3.619
41729,3.521,3.557,3.644,3.653,3.521,3.565,3.32,3.451,3.656
41736,3.533,3.586,3.642,3.653,3.561,3.541,3.378,3.446,3.678
41743,3.581,3.624,3.674,3.678,3.603,3.593,3.458,3.438,3.725
41750,3.612,3.674,3.704,3.736,3.652,3.607,3.485,3.446,3.775
41757,3.635,3.701,3.76,3.802,3.666,3.629,3.491,3.482,3.82
41764,3.606,3.699,3.735,3.821,3.658,3.562,3.472,3.501,3.824
41771,3.597,3.673,3.715,3.804,3.629,3.571,3.442,3.51,3.827
41778,3.593,3.652,3.694,3.767,3.612,3.584,3.433,3.505,3.825
41785,3.607,3.642,3.7,3.762,3.6,3.628,3.428,3.502,3.837
41792,3.624,3.625,3.694,3.745,3.582,3.681,3.426,3.504,3.86
41799,3.61,3.607,3.691,3.743,3.558,3.664,3.411,3.507,3.862
41806,3.621,3.606,3.71,3.735,3.558,3.68,3.425,3.53,3.883
41813,3.639,3.632,3.726,3.758,3.586,3.664,3.484,3.606,3.922
41820,3.635,3.641,3.734,3.771,3.595,3.643,3.475,3.629,3.938
41827,3.605,3.617,3.729,3.764,3.563,3.59,3.461,3.642,3.949
41834,3.56,3.586,3.714,3.723,3.534,3.517,3.434,3.644,3.914
41841,3.523,3.546,3.679,3.696,3.49,3.476,3.396,3.64,3.89
41848,3.468,3.501,3.65,3.648,3.444,3.396,3.35,3.645,3.869
41855,3.449,3.465,3.618,3.61,3.409,3.396,3.31,3.641,3.86
41862,3.447,3.431,3.583,3.571,3.376,3.433,3.28,3.652,3.844
41869,3.408,3.403,3.556,3.541,3.349,3.368,3.258,3.658,3.828
41876,3.397,3.373,3.526,3.499,3.323,3.377,3.237,3.651,3.813
41883,3.41,3.384,3.532,3.486,3.342,3.414,3.218,3.639,3.794
41890,3.406,3.382,3.545,3.498,3.335,3.412,3.213,3.626,3.782
41897,3.352,3.351,3.52,3.478,3.299,3.331,3.168,3.593,3.743
41904,3.296,3.325,3.481,3.461,3.271,3.245,3.126,3.544,3.684
41911,3.304,3.326,3.467,3.459,3.274,3.272,3.142,3.494,3.64
41918,3.246,3.306,3.406,3.412,3.266,3.171,3.109,3.433,3.588
41925,3.147,3.219,3.338,3.367,3.164,3.057,3.013,3.343,3.5
41932,3.07,3.12,3.258,3.308,3.051,3.016,2.921,3.25,3.383
41939,3.016,3.034,3.203,3.255,2.952,3.007,2.841,3.197,3.277
41946,2.956,2.973,3.131,3.189,2.894,2.95,2.786,3.14,3.195
41953,2.907,2.935,3.094,3.137,2.861,2.891,2.743,3.076,3.152
41960,2.856,2.891,3.035,3.085,2.821,2.84,2.67,3.011,3.126
41967,2.781,2.832,2.996,3.056,2.751,2.747,2.594,2.933,3.085
41974,2.738,2.792,2.982,3.022,2.707,2.709,2.539,2.861,3.045
41981,2.634,2.714,2.897,2.944,2.629,2.578,2.447,2.74,2.953
41988,2.499,2.614,2.794,2.827,2.535,2.404,2.338,2.586,2.837
41995,2.341,2.499,2.678,2.75,2.408,2.204,2.2,2.384,2.7
42002,2.229,2.409,2.607,2.665,2.315,2.076,2.088,2.228,2.61
42009,2.136,2.336,2.499,2.614,2.238,1.958,2.012,2.114,2.528
42016,2.066,2.235,2.41,2.488,2.143,1.938,1.93,1.986,2.396
42023,1.999,2.145,2.297,2.391,2.057,1.902,1.858,1.908,2.293
42030,1.982,2.096,2.241,2.306,2.02,1.919,1.849,1.873,2.21
42037,2.013,2.08,2.213,2.295,2.003,2.009,1.865,1.867,2.188
42044,2.133,2.19,2.273,2.37,2.128,2.15,1.989,1.946,2.256
42051,2.206,2.257,2.312,2.395,2.21,2.22,2.081,1.995,2.355
42058,2.256,2.305,2.353,2.45,2.257,2.266,2.118,2.041,2.45
42065,2.36,2.387,2.446,2.538,2.336,2.37,2.217,2.123,2.679
42072,2.367,2.408,2.519,2.589,2.344,2.33,2.23,2.232,2.796
42079,2.339,2.391,2.5,2.575,2.326,2.275,2.221,2.288,2.761
42086,2.347,2.356,2.449,2.536,2.293,2.348,2.181,2.303,2.726
42093,2.348,2.387,2.447,2.518,2.341,2.329,2.179,2.313,2.701
42100,2.315,2.362,2.439,2.512,2.31,2.272,2.167,2.319,2.686
42107,2.317,2.366,2.439,2.511,2.316,2.27,2.17,2.351,2.677
42114,2.393,2.431,2.498,2.615,2.369,2.369,2.233,2.427,2.709
42121,2.451,2.5,2.555,2.671,2.442,2.407,2.301,2.478,2.806
42128,2.517,2.55,2.625,2.727,2.489,2.464,2.375,2.567,2.961
42135,2.547,2.583,2.654,2.777,2.516,2.478,2.424,2.634,2.99
42142,2.604,2.608,2.661,2.78,2.551,2.568,2.463,2.688,3.047
42149,2.642,2.648,2.709,2.792,2.598,2.615,2.486,2.728,3.067
42156,2.656,2.653,2.718,2.796,2.604,2.646,2.487,2.738,3.062
42163,2.668,2.677,2.738,2.807,2.632,2.637,2.526,2.758,3.059
42170,2.744,2.731,2.775,2.862,2.687,2.756,2.579,2.785,3.091
42177,2.72,2.713,2.784,2.857,2.662,2.706,2.565,2.788,3.137
42184,2.713,2.702,2.771,2.855,2.649,2.709,2.535,2.791,3.138
42191,2.702,2.689,2.751,2.849,2.635,2.7,2.514,2.81,3.138
42198,2.694,2.673,2.743,2.831,2.619,2.686,2.515,2.818,3.159
42205,2.661,2.633,2.698,2.789,2.58,2.651,2.478,2.841,3.142
42212,2.605,2.588,2.651,2.735,2.537,2.566,2.427,2.856,3.133
42219,2.555,2.539,2.612,2.71,2.48,2.505,2.381,2.828,3.115
42226,2.505,2.487,2.546,2.663,2.427,2.457,2.326,2.798,3.065
42233,2.608,2.46,2.525,2.626,2.403,2.737,2.333,2.835,3.04
42240,2.534,2.405,2.464,2.562,2.352,2.622,2.286,2.82,3.002
42247,2.406,2.32,2.376,2.484,2.265,2.429,2.191,2.768,2.918
42254,2.337,2.288,2.375,2.493,2.218,2.314,2.141,2.73,2.861
42261,2.28,2.235,2.349,2.427,2.166,2.253,2.097,2.683,2.779
42268,2.237,2.178,2.298,2.383,2.106,2.242,2.027,2.606,2.698
42275,2.246,2.171,2.272,2.335,2.113,2.294,2.023,2.539,2.631
42282,2.252,2.169,2.261,2.304,2.12,2.328,2.037,2.477,2.561
42289,2.283,2.206,2.268,2.333,2.162,2.383,2.059,2.424,2.518
42296,2.22,2.171,2.245,2.319,2.12,2.285,2.011,2.356,2.478
42303,2.166,2.133,2.231,2.303,2.072,2.217,1.952,2.302,2.449
42310,2.17,2.12,2.217,2.287,2.061,2.263,1.924,2.24,2.416
42317,2.172,2.165,2.266,2.303,2.115,2.204,1.981,2.181,2.465
42324,2.11,2.162,2.248,2.308,2.111,2.079,1.931,2.136,2.452
42331,2.015,2.103,2.223,2.266,2.044,1.93,1.86,2.092,2.413
42338,1.974,2.075,2.205,2.26,2.008,1.871,1.833,2.052,2.376
42345,1.969,2.06,2.197,2.26,1.988,1.883,1.817,2.014,2.358
42352,1.953,2.033,2.156,2.23,1.963,1.883,1.789,1.995,2.34
42359,1.929,2.029,2.13,2.201,1.969,1.826,1.779,1.994,2.352
42366,1.933,2.013,2.106,2.19,1.951,1.86,1.758,1.972,2.365
42373,1.922,2,2.097,2.178,1.937,1.845,1.75,1.964,2.369
42380,1.888,1.966,2.081,2.143,1.903,1.807,1.722,1.946,2.333
42387,1.81,1.905,2.011,2.07,1.846,1.697,1.674,1.906,2.264
42394,1.752,1.858,1.963,2.033,1.796,1.621,1.628,1.861,2.208
42401,1.729,1.827,1.932,1.992,1.768,1.622,1.596,1.803,2.136
42408,1.663,1.786,1.903,1.967,1.722,1.517,1.568,1.753,2.073
42415,1.638,1.755,1.857,1.917,1.697,1.515,1.536,1.691,1.998
42422,1.661,1.733,1.841,1.9,1.673,1.602,1.536,1.673,1.953
42429,1.715,1.744,1.832,1.899,1.689,1.716,1.565,1.702,1.951
42436,1.782,1.798,1.848,1.91,1.759,1.81,1.603,1.784,1.987
42443,1.888,1.892,1.932,1.99,1.859,1.905,1.751,1.867,2.106
42450,1.935,1.96,1.973,2.042,1.933,1.93,1.805,1.902,2.176
42457,1.976,2.032,2.064,2.136,1.998,1.938,1.858,1.947,2.234
42464,1.994,2.041,2.096,2.159,2,1.968,1.858,1.969,2.261
42471,1.981,2.034,2.11,2.18,1.983,1.952,1.827,2.001,2.26
42478,2.053,2.088,2.207,2.257,2.027,2.04,1.907,2.078,2.303
42485,2.08,2.12,2.227,2.301,2.056,2.073,1.914,2.116,2.312
42492,2.168,2.218,2.285,2.353,2.171,2.161,2.006,2.167,2.369
42499,2.143,2.212,2.297,2.362,2.159,2.092,1.995,2.214,2.414
42506,2.17,2.213,2.292,2.371,2.158,2.153,1.991,2.243,2.444
42513,2.235,2.238,2.339,2.402,2.179,2.26,2.06,2.3,2.462
42520,2.281,2.276,2.365,2.418,2.225,2.326,2.091,2.316,2.484
42527,2.328,2.315,2.356,2.42,2.28,2.389,2.137,2.314,2.509
42534,2.343,2.303,2.363,2.42,2.263,2.437,2.13,2.322,2.528
42541,2.29,2.266,2.324,2.415,2.215,2.348,2.094,2.33,2.52
42548,2.25,2.237,2.319,2.394,2.183,2.268,2.091,2.319,2.529
42555,2.205,2.211,2.306,2.372,2.153,2.186,2.063,2.305,2.554
42562,2.171,2.175,2.262,2.338,2.118,2.138,2.038,2.288,2.553
42569,2.148,2.131,2.238,2.288,2.074,2.134,2.004,2.276,2.541
42576,2.105,2.095,2.206,2.259,2.036,2.069,1.98,2.264,2.523
42583,2.091,2.081,2.181,2.224,2.03,2.066,1.947,2.252,2.49
42590,2.087,2.048,2.156,2.198,1.993,2.1,1.928,2.226,2.462
42597,2.096,2.069,2.141,2.204,2.021,2.109,1.939,2.214,2.428
42604,2.136,2.118,2.192,2.246,2.073,2.159,1.965,2.229,2.43
42611,2.187,2.173,2.239,2.29,2.132,2.211,2.018,2.263,2.467
42618,2.17,2.171,2.248,2.285,2.13,2.172,2.005,2.267,2.473
42625,2.138,2.145,2.228,2.271,2.1,2.116,1.981,2.274,2.5
42632,2.17,2.204,2.228,2.275,2.18,2.145,1.983,2.265,2.534
42639,2.166,2.212,2.218,2.282,2.189,2.129,1.985,2.246,2.534
42646,2.184,2.211,2.247,2.294,2.182,2.161,2.021,2.242,2.532
42653,2.216,2.241,2.276,2.332,2.21,2.205,2.057,2.244,2.529
42660,2.198,2.251,2.28,2.335,2.223,2.143,2.063,2.269,2.534
42667,2.175,2.243,2.277,2.361,2.203,2.089,2.057,2.286,2.552
42674,2.159,2.227,2.29,2.368,2.178,2.067,2.038,2.293,2.557
42681,2.157,2.228,2.303,2.387,2.172,2.074,2.015,2.268,2.553
42688,2.105,2.201,2.279,2.365,2.144,1.988,1.975,2.235,2.531
42695,2.078,2.147,2.249,2.339,2.079,1.999,1.922,2.185,2.493
42702,2.079,2.136,2.245,2.323,2.07,2.023,1.915,2.146,2.472
42709,2.137,2.204,2.299,2.357,2.149,2.09,1.992,2.12,2.448
42716,2.174,2.236,2.305,2.391,2.183,2.147,2.023,2.122,2.433
42723,2.203,2.276,2.336,2.405,2.231,2.176,2.052,2.135,2.442
42730,2.254,2.293,2.367,2.443,2.241,2.264,2.088,2.175,2.47
42737,2.319,2.371,2.427,2.542,2.313,2.326,2.153,2.234,2.512
42744,2.328,2.376,2.422,2.569,2.312,2.329,2.163,2.259,2.546
42751,2.298,2.352,2.409,2.556,2.284,2.275,2.145,2.264,2.57
42758,2.258,2.323,2.402,2.532,2.252,2.204,2.13,2.256,2.571
42765,2.224,2.294,2.377,2.503,2.222,2.159,2.096,2.255,2.559
42772,2.221,2.278,2.343,2.483,2.209,2.169,2.086,2.233,2.56
42779,2.228,2.265,2.321,2.463,2.198,2.199,2.082,2.23,2.567
42786,2.224,2.272,2.319,2.469,2.206,2.18,2.077,2.252,2.574
42793,2.233,2.271,2.305,2.446,2.213,2.196,2.077,2.273,2.606
42800,2.264,2.275,2.296,2.439,2.222,2.257,2.096,2.287,2.627
42807,2.242,2.255,2.284,2.433,2.197,2.212,2.08,2.305,2.676
42814,2.238,2.247,2.279,2.43,2.187,2.208,2.082,2.304,2.678
42821,2.228,2.261,2.271,2.413,2.212,2.169,2.084,2.303,2.68
42828,2.281,2.287,2.305,2.439,2.237,2.263,2.125,2.297,2.702
42835,2.351,2.369,2.357,2.515,2.323,2.341,2.185,2.333,2.729
42842,2.356,2.382,2.414,2.564,2.322,2.32,2.22,2.376,2.741
42849,2.372,2.405,2.432,2.576,2.349,2.338,2.213,2.413,2.761
42856,2.331,2.369,2.418,2.563,2.305,2.272,2.192,2.404,2.755
42863,2.288,2.324,2.384,2.525,2.257,2.214,2.169,2.393,2.735
42870,2.283,2.291,2.35,2.503,2.22,2.245,2.133,2.384,2.725
42877,2.306,2.29,2.353,2.494,2.221,2.297,2.15,2.381,2.74
42884,2.308,2.296,2.366,2.503,2.226,2.283,2.161,2.422,2.755
42891,2.325,2.313,2.371,2.494,2.252,2.313,2.164,2.431,2.746
42898,2.276,2.275,2.353,2.465,2.209,2.236,2.137,2.422,2.72
42905,2.224,2.228,2.316,2.43,2.159,2.163,2.096,2.414,2.701
42912,2.201,2.18,2.281,2.394,2.106,2.164,2.06,2.389,2.683
42919,2.163,2.151,2.278,2.376,2.071,2.118,2.018,2.346,2.67
42926,2.21,2.176,2.276,2.381,2.105,2.211,2.03,2.341,2.677
42933,2.188,2.169,2.278,2.374,2.097,2.163,2.034,2.329,2.669
42940,2.224,2.224,2.328,2.419,2.156,2.199,2.06,2.341,2.659
42947,2.269,2.271,2.355,2.448,2.209,2.263,2.086,2.343,2.664
42954,2.29,2.29,2.393,2.486,2.221,2.267,2.149,2.39,2.674
42961,2.301,2.286,2.389,2.477,2.219,2.289,2.149,2.426,2.697
42968,2.273,2.261,2.375,2.468,2.188,2.238,2.126,2.454,2.736
42975,2.322,2.311,2.383,2.475,2.254,2.299,2.159,2.468,2.773
42982,2.604,2.7,2.716,2.804,2.667,2.53,2.489,2.606,2.858
42989,2.61,2.709,2.751,2.817,2.672,2.53,2.496,2.611,2.878
42996,2.559,2.673,2.73,2.785,2.634,2.443,2.468,2.599,2.871
43003,2.508,2.632,2.669,2.746,2.594,2.37,2.428,2.582,2.854
43010,2.493,2.582,2.62,2.71,2.539,2.397,2.387,2.567,2.822
43017,2.426,2.501,2.561,2.662,2.447,2.326,2.33,2.542,2.789
43024,2.413,2.443,2.526,2.632,2.378,2.365,2.28,2.526,2.776
43031,2.406,2.418,2.51,2.605,2.353,2.384,2.247,2.529,2.763
43038,2.41,2.411,2.514,2.614,2.34,2.409,2.228,2.515,2.765
43045,2.468,2.433,2.549,2.669,2.351,2.517,2.261,2.538,2.796
43052,2.504,2.519,2.597,2.713,2.452,2.507,2.313,2.542,2.844
43059,2.48,2.493,2.582,2.704,2.421,2.47,2.304,2.542,2.844
43066,2.444,2.47,2.575,2.683,2.396,2.407,2.285,2.538,2.835
43073,2.41,2.451,2.551,2.666,2.376,2.348,2.265,2.534,2.822
43080,2.401,2.429,2.512,2.654,2.352,2.36,2.236,2.514,2.807
43087,2.358,2.4,2.501,2.642,2.317,2.305,2.183,2.476,2.793
43094,2.384,2.389,2.503,2.626,2.307,2.385,2.192,2.45,2.759
43101,2.436,2.459,2.521,2.656,2.393,2.434,2.256,2.437,2.765
43108,2.429,2.462,2.561,2.691,2.383,2.411,2.261,2.441,2.775
43115,2.473,2.485,2.576,2.711,2.407,2.49,2.285,2.455,2.779
43122,2.482,2.532,2.607,2.729,2.464,2.461,2.315,2.472,2.787
43129,2.516,2.557,2.642,2.776,2.482,2.501,2.358,2.483,2.814
43136,2.544,2.585,2.667,2.79,2.515,2.528,2.392,2.496,2.842
43143,2.511,2.581,2.661,2.778,2.514,2.459,2.357,2.51,2.854
43150,2.455,2.528,2.629,2.751,2.451,2.388,2.304,2.486,2.84
43157,2.442,2.497,2.601,2.727,2.418,2.393,2.276,2.454,2.84
43164,2.462,2.514,2.585,2.711,2.447,2.422,2.294,2.437,2.86
43171,2.455,2.48,2.571,2.692,2.407,2.434,2.283,2.423,2.875
43178,2.494,2.519,2.575,2.676,2.465,2.48,2.305,2.443,2.932
43185,2.541,2.568,2.618,2.735,2.512,2.505,2.382,2.528,2.997
43192,2.592,2.633,2.665,2.793,2.58,2.546,2.43,2.599,3.035
43199,2.587,2.619,2.678,2.795,2.56,2.531,2.433,2.639,3.072
43206,2.644,2.67,2.715,2.856,2.609,2.583,2.504,2.734,3.12
43213,2.696,2.73,2.779,2.908,2.671,2.636,2.552,2.772,3.153
43220,2.741,2.757,2.826,2.943,2.694,2.703,2.586,2.803,3.189
43227,2.733,2.752,2.831,2.947,2.685,2.67,2.602,2.821,3.235
43234,2.786,2.785,2.879,2.968,2.729,2.745,2.605,2.922,3.239
43241,2.834,2.817,2.952,3.025,2.752,2.811,2.654,2.968,3.272
43248,2.877,2.875,2.984,3.057,2.819,2.837,2.709,2.991,3.302
43255,2.849,2.841,2.992,3.039,2.779,2.799,2.699,2.995,3.304
43262,2.822,2.799,2.949,3.022,2.73,2.78,2.677,2.99,3.291
43269,2.79,2.758,2.924,2.992,2.685,2.753,2.642,2.977,3.282
43276,2.745,2.718,2.876,2.961,2.643,2.688,2.604,2.96,3.264
43283,2.762,2.729,2.889,2.959,2.657,2.731,2.596,2.968,3.255
43290,2.774,2.739,2.904,2.989,2.662,2.752,2.6,2.966,3.252
43297,2.79,2.767,2.907,2.977,2.703,2.768,2.602,2.955,3.248
43304,2.754,2.739,2.874,2.959,2.671,2.714,2.576,2.934,3.234
43311,2.772,2.755,2.897,2.972,2.685,2.744,2.59,2.913,3.227
43318,2.781,2.77,2.912,2.98,2.702,2.751,2.599,2.924,3.22
43325,2.774,2.776,2.909,2.98,2.71,2.724,2.597,2.944,3.211
43332,2.755,2.744,2.865,2.967,2.673,2.712,2.583,2.963,3.201
43339,2.761,2.73,2.856,2.959,2.657,2.746,2.574,2.994,3.193
43346,2.759,2.749,2.865,2.979,2.676,2.717,2.569,3.007,3.205
43353,2.765,2.756,2.889,2.993,2.68,2.723,2.575,3.008,3.215
43360,2.771,2.757,2.86,2.994,2.683,2.74,2.571,3.014,3.212
43367,2.779,2.748,2.851,2.98,2.673,2.769,2.574,3.014,3.214
43374,2.796,2.779,2.854,2.979,2.718,2.77,2.604,3,3.23
43381,2.829,2.812,2.895,3.007,2.752,2.803,2.647,2.999,3.268
43388,2.806,2.797,2.875,2.986,2.738,2.744,2.641,2.982,3.324
43395,2.763,2.761,2.849,2.961,2.7,2.68,2.6,2.963,3.332
43402,2.732,2.715,2.817,2.938,2.645,2.667,2.547,2.958,3.322
43409,2.67,2.658,2.76,2.902,2.583,2.588,2.481,2.935,3.296
43416,2.604,2.605,2.663,2.854,2.529,2.496,2.42,2.891,3.257
43423,2.525,2.532,2.597,2.794,2.452,2.407,2.335,2.828,3.202
43430,2.445,2.461,2.575,2.753,2.369,2.302,2.251,2.796,3.178
43437,2.35,2.377,2.479,2.696,2.277,2.187,2.153,2.717,3.113
43444,2.325,2.339,2.441,2.673,2.235,2.196,2.104,2.655,3.054
43451,2.268,2.306,2.408,2.613,2.211,2.12,2.05,2.575,2.978
43458,2.216,2.247,2.34,2.541,2.155,2.067,2.001,2.485,2.934
43465,2.156,2.197,2.302,2.5,2.102,1.993,1.94,2.429,2.908
43472,2.128,2.16,2.275,2.468,2.063,1.992,1.9,2.373,2.858
43479,2.143,2.164,2.274,2.452,2.074,2.039,1.916,2.306,2.813
43486,2.147,2.201,2.269,2.453,2.122,2.021,1.931,2.272,2.774
43493,2.162,2.216,2.281,2.458,2.144,2.045,1.964,2.231,2.745
43500,2.162,2.22,2.261,2.439,2.154,2.064,1.943,2.175,2.713
43507,2.187,2.215,2.266,2.448,2.145,2.131,1.959,2.166,2.711
43514,2.23,2.242,2.295,2.481,2.17,2.191,2.039,2.182,2.711
43521,2.311,2.333,2.371,2.55,2.269,2.284,2.123,2.193,2.704
43528,2.352,2.383,2.411,2.572,2.327,2.314,2.189,2.212,2.717
43535,2.399,2.424,2.469,2.618,2.366,2.387,2.21,2.253,2.747
43542,2.477,2.52,2.537,2.694,2.469,2.45,2.292,2.321,2.807
43549,2.544,2.56,2.579,2.728,2.511,2.537,2.361,2.4,2.902
43556,2.611,2.628,2.606,2.738,2.597,2.596,2.425,2.469,2.987
43563,2.65,2.661,2.62,2.807,2.62,2.632,2.437,2.539,3.095
43570,2.725,2.724,2.693,2.888,2.678,2.709,2.511,2.64,3.215
43577,2.723,2.714,2.754,2.907,2.657,2.679,2.518,2.759,3.291
43584,2.761,2.743,2.832,2.972,2.675,2.721,2.552,2.843,3.342
43591,2.771,2.755,2.841,2.968,2.692,2.721,2.535,2.919,3.393
43598,2.735,2.708,2.817,2.954,2.635,2.676,2.503,2.964,3.404
43605,2.723,2.668,2.799,2.932,2.588,2.693,2.483,2.982,3.396
43612,2.696,2.639,2.775,2.905,2.559,2.659,2.456,2.979,3.385
43619,2.691,2.609,2.744,2.883,2.526,2.701,2.413,2.98,3.362
43626,2.62,2.574,2.679,2.823,2.499,2.58,2.359,2.948,3.298
43633,2.553,2.499,2.616,2.777,2.414,2.504,2.322,2.91,3.238
43640,2.541,2.484,2.631,2.792,2.39,2.514,2.297,2.868,3.174
43647,2.608,2.586,2.659,2.856,2.505,2.581,2.363,2.823,3.161
43654,2.644,2.636,2.682,2.853,2.571,2.622,2.395,2.796,3.141
43661,2.682,2.648,2.71,2.864,2.583,2.701,2.45,2.771,3.12
43668,2.653,2.646,2.695,2.863,2.581,2.636,2.436,2.735,3.101
43675,2.615,2.59,2.676,2.837,2.516,2.611,2.405,2.708,3.078
43682,2.588,2.553,2.689,2.821,2.47,2.592,2.373,2.699,3.063
43689,2.524,2.503,2.63,2.778,2.419,2.492,2.318,2.688,3.043
43696,2.501,2.468,2.614,2.742,2.384,2.488,2.269,2.671,3.033
43703,2.471,2.429,2.58,2.723,2.339,2.463,2.245,2.65,3.01
43710,2.461,2.445,2.557,2.695,2.369,2.433,2.223,2.628,2.992
43717,2.45,2.432,2.544,2.686,2.355,2.416,2.216,2.633,3
43724,2.454,2.425,2.518,2.682,2.347,2.427,2.231,2.654,2.997
43731,2.561,2.533,2.55,2.76,2.467,2.557,2.347,2.698,3.02
43738,2.518,2.494,2.551,2.74,2.421,2.465,2.337,2.709,3.083
43745,2.513,2.478,2.529,2.715,2.408,2.469,2.305,2.712,3.137
43752,2.495,2.446,2.505,2.708,2.368,2.446,2.287,2.706,3.204
43759,2.512,2.472,2.533,2.71,2.401,2.451,2.289,2.728,3.25
43766,2.469,2.43,2.53,2.697,2.349,2.385,2.265,2.737,3.248
43773,2.485,2.455,2.542,2.708,2.379,2.4,2.255,2.791,3.252
43780,2.493,2.448,2.531,2.715,2.368,2.422,2.269,2.819,3.246
43787,2.473,2.424,2.535,2.695,2.341,2.41,2.238,2.835,3.216
43794,2.469,2.441,2.543,2.72,2.357,2.388,2.244,2.825,3.174
43801,2.485,2.468,2.555,2.721,2.391,2.413,2.243,2.817,3.141
43808,2.478,2.476,2.527,2.715,2.404,2.403,2.23,2.791,3.092
43815,2.448,2.447,2.555,2.711,2.367,2.371,2.236,2.73,3.025
43822,2.447,2.447,2.556,2.714,2.366,2.383,2.233,2.69,2.981
43829,2.488,2.488,2.563,2.735,2.415,2.438,2.289,2.663,2.972
43836,2.494,2.528,2.58,2.763,2.461,2.417,2.297,2.642,2.952
43843,2.482,2.501,2.588,2.77,2.421,2.418,2.29,2.608,2.942
43850,2.448,2.482,2.546,2.745,2.404,2.367,2.253,2.574,2.919
43857,2.412,2.429,2.507,2.699,2.348,2.345,2.215,2.551,2.91
43864,2.358,2.366,2.493,2.662,2.276,2.287,2.158,2.526,2.899
43871,2.324,2.348,2.419,2.633,2.262,2.234,2.111,2.507,2.898
43878,2.337,2.343,2.415,2.625,2.258,2.28,2.104,2.473,2.886
43885,2.373,2.38,2.429,2.637,2.302,2.322,2.17,2.44,2.892
43892,2.324,2.324,2.464,2.602,2.237,2.263,2.13,2.419,2.888
43899,2.272,2.271,2.437,2.561,2.181,2.203,2.077,2.381,2.871
43906,2.139,2.161,2.342,2.451,2.07,2.009,1.975,2.32,2.805
43913,2.007,2.041,2.055,2.314,1.961,1.838,1.883,2.237,2.677
43920,1.886,1.93,1.913,2.215,1.847,1.697,1.786,2.106,2.551
43927,1.8,1.87,1.879,2.158,1.786,1.587,1.686,2.008,2.481
43934,1.735,1.826,1.844,2.122,1.74,1.509,1.618,1.921,2.402
43941,1.694,1.793,1.84,2.091,1.704,1.465,1.588,1.866,2.32
43948,1.655,1.76,1.784,2.039,1.676,1.434,1.548,1.809,2.242
43955,1.68,1.743,1.772,2.03,1.658,1.533,1.529,1.772,2.242
43962,1.75,1.762,1.842,2.051,1.674,1.704,1.533,1.764,2.258
43969,1.776,1.785,1.845,2.109,1.688,1.736,1.556,1.82,2.275
43976,1.87,1.88,1.937,2.185,1.788,1.836,1.63,1.991,2.33
43983,1.883,1.883,1.936,2.187,1.791,1.848,1.646,2.093,2.349
43990,1.947,1.912,2.04,2.203,1.823,1.944,1.717,2.177,2.405
43997,2.017,2.01,2.102,2.244,1.938,1.989,1.786,2.234,2.461
44004,2.048,2.033,2.073,2.279,1.96,2.022,1.826,2.272,2.499
44011,2.094,2.07,2.114,2.332,1.992,2.079,1.876,2.315,2.537
44018,2.1,2.091,2.117,2.332,2.02,2.073,1.867,2.325,2.55
44025,2.113,2.098,2.146,2.341,2.025,2.092,1.872,2.326,2.576
44032,2.099,2.089,2.177,2.348,2.009,2.057,1.872,2.318,2.607
44039,2.085,2.071,2.194,2.333,1.99,2.041,1.86,2.324,2.606
44046,2.085,2.091,2.2,2.319,2.02,2.019,1.847,2.37,2.61
44053,2.078,2.078,2.206,2.336,1.998,2.024,1.827,2.368,2.602
44060,2.077,2.069,2.21,2.324,1.989,2.021,1.853,2.344,2.608
44067,2.09,2.078,2.214,2.331,2.001,2.04,1.86,2.35,2.631
44074,2.135,2.13,2.255,2.41,2.046,2.094,1.896,2.345,2.637
44081,2.122,2.156,2.237,2.401,2.084,2.033,1.893,2.345,2.631
44088,2.091,2.124,2.225,2.383,2.047,1.994,1.865,2.329,2.628
44095,2.078,2.098,2.235,2.376,2.015,2.001,1.852,2.314,2.602
44102,2.088,2.096,2.207,2.386,2.011,2.035,1.851,2.296,2.587
44109,2.091,2.123,2.198,2.372,2.051,2.024,1.848,2.274,2.568
44116,2.084,2.116,2.231,2.378,2.038,2.008,1.856,2.264,2.568
44123,2.064,2.098,2.222,2.371,2.015,1.975,1.859,2.257,2.551
44130,2.053,2.07,2.201,2.36,1.982,1.986,1.848,2.237,2.531
44137,2.021,2.043,2.192,2.345,1.951,1.943,1.81,2.216,2.523
44144,2.004,2.019,2.208,2.332,1.922,1.941,1.773,2.201,2.509
44151,2.018,2.046,2.215,2.362,1.949,1.939,1.801,2.196,2.518
44158,2.009,2.047,2.223,2.347,1.954,1.914,1.792,2.177,2.528
44165,2.022,2.069,2.228,2.395,1.971,1.922,1.813,2.178,2.528
44172,2.063,2.111,2.234,2.397,2.024,1.98,1.848,2.172,2.523
44179,2.063,2.103,2.227,2.391,2.019,1.986,1.863,2.167,2.509
44186,2.137,2.157,2.281,2.413,2.081,2.102,1.946,2.188,2.506
44193,2.158,2.168,2.326,2.422,2.092,2.149,1.945,2.191,2.512
44200,2.16,2.185,2.317,2.447,2.108,2.129,1.95,2.188,2.53
44207,2.232,2.27,2.339,2.498,2.201,2.194,2.039,2.212,2.559
44214,2.285,2.313,2.449,2.574,2.235,2.256,2.113,2.241,2.601
44221,2.298,2.342,2.46,2.588,2.267,2.253,2.113,2.263,2.619
44228,2.316,2.345,2.465,2.591,2.27,2.289,2.129,2.284,2.641
44235,2.372,2.414,2.5,2.655,2.342,2.337,2.178,2.329,2.692
44242,2.409,2.441,2.527,2.693,2.365,2.377,2.22,2.39,2.737
44249,2.549,2.586,2.614,2.798,2.523,2.543,2.345,2.439,2.822
44256,2.625,2.622,2.705,2.862,2.55,2.641,2.439,2.566,2.939
44263,2.684,2.676,2.776,2.91,2.605,2.681,2.518,2.708,3.014
44270,2.766,2.777,2.818,2.957,2.723,2.728,2.619,2.839,3.101
44277,2.78,2.799,2.844,2.945,2.755,2.707,2.649,2.938,3.161
44284,2.771,2.767,2.807,2.929,2.718,2.718,2.632,2.95,3.169
44291,2.777,2.751,2.787,2.925,2.699,2.754,2.621,2.95,3.186
44298,2.763,2.745,2.768,2.913,2.695,2.724,2.609,2.952,3.188
44305,2.767,2.739,2.76,2.912,2.688,2.74,2.597,2.973,3.207
44312,2.776,2.732,2.794,2.933,2.671,2.762,2.603,2.993,3.236
44319,2.79,2.747,2.792,2.958,2.684,2.768,2.606,3.018,3.295
44326,2.86,2.835,2.877,3.014,2.782,2.826,2.679,3.062,3.34
44333,2.928,2.917,2.992,3.052,2.873,2.874,2.782,3.129,3.369
44340,2.92,2.914,3.02,3.081,2.861,2.856,2.761,3.145,3.389
44347,2.927,2.904,3.02,3.082,2.848,2.894,2.731,3.157,3.403
44354,2.935,2.903,3.032,3.1,2.841,2.907,2.727,3.193,3.44
44361,2.97,2.945,3.075,3.122,2.889,2.942,2.766,3.216,3.449
44368,2.961,2.936,3.072,3.139,2.872,2.921,2.747,3.268,3.471
44375,2.99,2.948,3.112,3.152,2.883,2.949,2.79,3.356,3.539
44382,3.032,2.984,3.108,3.18,2.923,2.988,2.826,3.434,3.601
44389,3.039,2.987,3.102,3.195,2.923,2.986,2.839,3.486,3.635
44396,3.061,2.991,3.105,3.207,2.924,3.025,2.853,3.559,3.655
44403,3.044,2.973,3.087,3.199,2.903,2.993,2.834,3.598,3.674
44410,3.059,2.988,3.117,3.223,2.915,3.003,2.852,3.64,3.697
44417,3.081,3.013,3.115,3.229,2.946,3.027,2.855,3.672,3.728
44424,3.079,3.012,3.133,3.241,2.942,3.02,2.852,3.673,3.745
44431,3.048,2.994,3.116,3.235,2.92,2.965,2.814,3.664,3.754
44438,3.041,2.985,3.122,3.238,2.907,2.968,2.794,3.649,3.733
44445,3.08,3.034,3.147,3.276,2.96,3.012,2.836,3.648,3.726
44452,3.068,3.02,3.156,3.282,2.94,2.995,2.833,3.625,3.729
44459,3.094,3.059,3.123,3.303,2.986,3.031,2.839,3.599,3.721
44466,3.08,3.047,3.092,3.296,2.972,3.006,2.855,3.578,3.7
44473,3.093,3.052,3.107,3.298,2.979,3.037,2.86,3.568,3.696
44480,3.173,3.159,3.219,3.404,3.085,3.107,2.957,3.562,3.712
44487,3.225,3.204,3.321,3.467,3.123,3.173,3.024,3.566,3.723
44494,3.279,3.308,3.382,3.543,3.238,3.183,3.083,3.559,3.76
44501,3.28,3.313,3.406,3.542,3.242,3.177,3.091,3.557,3.761
44508,3.294,3.305,3.447,3.549,3.229,3.22,3.108,3.551,3.764
44515,3.277,3.297,3.465,3.579,3.209,3.185,3.086,3.543,3.777
44522,3.271,3.317,3.459,3.576,3.237,3.161,3.053,3.524,3.785
44529,3.253,3.304,3.493,3.562,3.222,3.136,3.031,3.501,3.785
44536,3.204,3.257,3.487,3.528,3.17,3.065,3.004,3.468,3.778
44543,3.178,3.228,3.447,3.515,3.137,3.048,2.96,3.433,3.757
44550,3.154,3.205,3.451,3.511,3.107,3.016,2.948,3.409,3.745
44557,3.136,3.19,3.444,3.494,3.092,3,2.923,3.388,3.731
44564,3.141,3.186,3.447,3.489,3.087,3.001,2.959,3.365,3.747
44571,3.164,3.177,3.41,3.492,3.076,3.073,2.944,3.347,3.793
44578,3.182,3.202,3.417,3.492,3.11,3.079,2.98,3.332,3.811
44585,3.199,3.215,3.428,3.51,3.122,3.093,3.022,3.329,3.815
44592,3.249,3.285,3.47,3.528,3.207,3.15,3.051,3.331,3.813
44599,3.33,3.366,3.484,3.599,3.294,3.254,3.133,3.331,3.83
44606,3.372,3.418,3.52,3.674,3.339,3.284,3.211,3.329,3.838
44613,3.41,3.47,3.586,3.726,3.39,3.315,3.241,3.344,3.875
44620,3.486,3.534,3.609,3.755,3.466,3.418,3.316,3.372,3.916
44627,3.963,4.036,4.065,4.246,3.972,3.861,3.826,3.825,4.369
44634,4.18,4.253,4.213,4.4,4.21,4.041,4.049,4.137,4.691
44641,4.091,4.108,4.227,4.313,4.044,3.981,3.957,4.11,4.702
44648,4.078,4.062,4.243,4.312,3.982,4.001,3.915,4.167,4.725
44655,4.021,4.028,4.151,4.25,3.958,3.915,3.845,4.144,4.689
44662,3.943,3.943,4.104,4.189,3.865,3.831,3.765,4.144,4.626
44669,3.915,3.894,4.053,4.14,3.817,3.815,3.749,4.148,4.614
44676,3.959,3.939,4.073,4.179,3.864,3.858,3.803,4.188,4.631
44683,4.031,4.034,4.193,4.314,3.947,3.936,3.852,4.188,4.656
44690,4.161,4.137,4.3,4.454,4.038,4.095,4.019,4.231,4.765
44697,4.32,4.346,4.5,4.648,4.25,4.225,4.157,4.283,4.914
44704,4.41,4.436,4.701,4.804,4.319,4.314,4.245,4.33,5.024
44711,4.439,4.462,4.783,4.785,4.355,4.357,4.221,4.448,5.067
44718,4.702,4.622,4.98,4.838,4.547,4.725,4.528,4.711,5.27
44725,4.844,4.764,5.081,4.977,4.691,4.876,4.635,4.921,5.396
44732,4.798,4.704,5.065,4.964,4.615,4.815,4.594,4.991,5.419
44739,4.71,4.601,4.999,4.905,4.498,4.73,4.491,4.984,5.366
44746,4.619,4.503,4.894,4.852,4.386,4.64,4.357,5.001,5.324
44753,4.501,4.391,4.83,4.742,4.273,4.518,4.205,4.947,5.219
44760,4.35,4.263,4.722,4.648,4.133,4.342,4.026,4.85,5.094
44767,4.183,4.119,4.651,4.536,3.979,4.141,3.854,4.656,4.985
44774,4.034,3.992,4.578,4.467,3.832,3.948,3.717,4.511,4.898
44781,3.879,3.86,4.449,4.408,3.682,3.764,3.554,4.353,4.781
44788,3.78,3.747,4.157,4.302,3.571,3.677,3.457,4.213,4.701
44795,3.724,3.663,4.16,4.239,3.476,3.648,3.408,4.152,4.657
44802,3.691,3.655,4.048,4.166,3.491,3.598,3.385,4.02,4.608
44809,3.617,3.564,3.933,4.023,3.416,3.566,3.27,3.94,4.514
44816,3.551,3.488,3.804,3.93,3.346,3.503,3.169,3.889,4.532
44823,3.513,3.43,3.696,3.85,3.297,3.461,3.175,3.877,4.512
44830,3.569,3.399,3.618,3.783,3.278,3.586,3.163,3.919,4.792
44837,3.592,3.315,3.535,3.747,3.177,3.67,3.138,3.874,5.132
44844,3.723,3.434,3.543,3.787,3.325,3.811,3.346,3.947,5.175
44851,3.692,3.47,3.626,3.84,3.355,3.72,3.354,3.917,5.046
44858,3.609,3.427,3.631,3.819,3.305,3.618,3.268,3.845,4.864
44865,3.57,3.406,3.813,3.921,3.24,3.578,3.226,3.789,4.757
44872,3.628,3.475,3.896,3.98,3.311,3.699,3.215,3.76,4.675
44879,3.606,3.515,3.931,3.988,3.362,3.618,3.184,3.713,4.656
44886,3.498,3.45,3.888,3.945,3.29,3.462,3.08,3.636,4.538
44893,3.389,3.382,3.767,3.893,3.222,3.32,2.971,3.539,4.374
44900,3.26,3.276,3.696,3.815,3.107,3.166,2.863,3.404,4.214
44907,3.109,3.156,3.527,3.695,2.987,2.987,2.755,3.227,3.975
44914,2.994,3.05,3.429,3.617,2.873,2.862,2.674,3.086,3.815
44921,2.971,3.008,3.351,3.524,2.848,2.856,2.704,3.002,3.741
44928,3.123,3.172,3.367,3.538,3.059,3.025,2.915,3.043,3.727
44935,3.167,3.185,3.354,3.573,3.067,3.118,2.927,3.122,3.736
44942,3.225,3.252,3.424,3.559,3.158,3.166,3.001,3.292,3.724
44949,3.34,3.376,3.412,3.628,3.301,3.279,3.115,3.434,3.781
44956,3.417,3.469,3.485,3.699,3.401,3.345,3.181,3.544,3.845
44963,3.362,3.411,3.495,3.676,3.331,3.259,3.115,3.694,3.841
44970,3.311,3.344,3.465,3.644,3.252,3.197,3.066,3.765,3.851
